n,mean,std,t_stat,sharpe,hit
371,-0.00127085233052992,0.14111030469501165,-0.17346957516201392,-0.14296727203316237,0.522911051212938
