group,split,days,sharpe_gross,sharpe_net,maxdd_gross,maxdd_net,mean_turnover,mean_cost,avg_active,avg_long,avg_short
ALL,ALL,2037,0.020290103930317396,-0.037973280219006374,-0.5754374175009038,-0.6181093686259282,0.32450538061730994,6.490107612346199e-05,1.8895434462444771,0.8929798723613157,0.9965635738831615
year,2020,2037,0.5869120252874421,0.5645687715075364,-0.18160800930575882,-0.184331007944308,0.05365032610982537,1.0730065221965075e-05,0.32056946489936183,0.1482572410407462,0.1723122238586156
year,2021,2037,-0.31941828418897295,-0.3516547886003259,-0.26160528452375365,-0.2769834460648055,0.05818547350211562,1.1637094700423127e-05,0.32547864506627394,0.15267550319096712,0.17280314187530682
year,2022,2037,-0.37214644145927794,-0.39903784249027563,-0.4795469040324345,-0.4836109832940747,0.053125900990407614,1.0625180198081524e-05,0.3019145802650957,0.13843888070692195,0.1634756995581738
year,2023,2037,0.20433490684925154,0.18363974293670618,-0.24699486217183297,-0.2510610318058367,0.05085910652920962,1.0171821305841926e-05,0.2920962199312715,0.14138438880706922,0.15071183112420225
year,2024,2037,-0.043265765908797486,-0.06997466145039276,-0.2229559506675146,-0.22719615796855264,0.05259017696425649,1.0518035392851298e-05,0.32056946489936183,0.15807560137457044,0.16249386352479137
year,2025,2037,-0.15602655188297881,-0.17510860675165227,-0.412549116790226,-0.4149506557533337,0.05314888842134792,1.0629777684269585e-05,0.31418753068237604,0.14678448699067256,0.16740304369170347
