variant,days,sharpe_gross,sharpe_net,maxdd_gross,maxdd_net,mean_turnover,mean_cost,avg_active,avg_long,avg_short
base_oos_pred,2037,0.020290103930317396,-0.037973280219006374,-0.5754374175009038,-0.6181093686259282,0.32450538061730994,6.490107612346199e-05,1.8895434462444771,0.8929798723613157,0.9965635738831615
random_predictions,2037,0.01138227001695961,-0.04428917062979848,-0.4749294658236507,-0.5005469443210304,0.32640749312325157,6.528149862465032e-05,1.8576337751595484,0.8512518409425626,1.0063819342169857
shuffled_labels_proxy,2037,-0.4437548815877652,-0.49962004887520495,-0.8648721970972162,-0.8746869314946006,0.3288920837521721,6.577841675043443e-05,1.865979381443299,0.8507609229258714,1.0152184585174275
